"","x"
"TGGGTGTGAGGAGTTCAGTTATATGTTTGGGATTTTTTAGGTAGTGGGTGTTGAGCTTGAACGCTTTCTTAATTGGTGGCTGCTTTTAGGCCTACTATGG",123
"CCCCAAACCCACTCCACCTTACTACCAGACAACCTTAGCCAAACCATTTACCCAAATAAAGTATAGGCGATAGAAATTGAAACCTGGCGCAATAGATATA",122
"CACTAGGAAAAAACCTTGTAGAGAGAGTAAAAAATTTAACACCCATAGTAGGCCTAAAAGCAGCCACCAATTAAGAAAGCGTTCAAGCTCAACACCCACT",120
"CTAAACCTAGCCCCAAACCCACTCCACCTTACTACCAGACAACCTTAGCCAAACCATTTACCCAAATAAAGTATAGGCGATAGAAATTGAAACCTGGCGC",117
"TAAACCTAGCCCCAAACCCACTCCACCTTACTACCAGACAACCTTAGCCAAACCATTTACCCAAATAAAGTATAGGCGATAGAAATTGAAACCTGGCGCA",116
"CTAAATCCCCTTGTAAATTTAACTGTTAGTCCAAAGAGGAACAGCTCTTTGGACACTAGGAAAAAACCTTGTAGAGAGAGTAAAAAATTTAACACCCATA",112
"CTTTGTGTTTGAGGGGGTCTTAGCTTTGGCTCTCCTTGCAAAGTTATTTCTAGTTAATTCATTATGCAGAAGGTATAGGGGTTAGTCCTTGCTATATTAT",83
"CAATTGGACCAATCTATCACCCTATAGAAGAACTAATGTTAGTATAAGTAACATGAAAACATTCTCCTCCGCATAAGCCTGCGTCAGATTAAAACACTGA",80
"CTGTTAGTCCAAAGAGGAACAGCTCTTTGGACACTAGGAAAAAACCTTGTAGAGAGAGTAAAAAATTTAACACCCATAGTAGGCCTAAAAGCAGCCACCA",66
"CAGAACCCTCTAAATCCCCTTGTAAATTTAACTGTTAGTCCAAAGAGGAACAGCTCTTTGGACACTAGGAAAAAACCTTGTAGAGAGAGTAAAAAATTTA",65
"CCACAGAACCCTCTAAATCCCCTTGTAAATTTAACTGTTAGTCCAAAGAGGAACAGCTCTTTGGACACTAGGAAAAAACCTTGTAGAGAGAGTAAAAAAT",63
"CTACAAGGTTTTTTCCTAGTGTCCAAAGAGCTGTTCCTCTTTGGACTAACAGTTAAATTTACAAGGGGATTTAGAGGGTTCTGTGGGCAAATTTAAAGTT",63
"GCCAAACCATTTACCCAAATAAAGTATAGGCGATAGAAATTGAAACCTGGCGCAATAGATATAGTACCGCAAGGGAAAGATGAAAAATTATAACCAAGCA",60
"CGCTTTCTTAATTGGTGGCTGCTTTTAGGCCTACTATGGGTGTTAAATTTTTTACTCTCTCTACAAGGTTTTTTCCTAGTGTCCAAAGAGCTGTTCCTCT",58
"GAATCTTAGTTCAACTTTAAATTTGCCCACAGAACCCTCTAAATCCCCTTGTAAATTTAACTGTTAGTCCAAAGAGGAACAGCTCTTTGGACACTAGGAA",57
"CCGCAAGGGAAAGATGAAAAATTATAACCAAGCATAATATAGCAAGGACTAACCCCTATACCTTCTGCATAATGAATTAACTAGAAATAACTTTGCAAGG",56
"CTTGTAAATTTAACTGTTAGTCCAAAGAGGAACAGCTCTTTGGACACTAGGAAAAAACCTTGTAGAGAGAGTAAAAAATTTAACACCCATAGTAGGCCTA",56
"GGGTGTGAGGAGTTCAGTTATATGTTTGGGATTTTTTAGGTAGTGGGTGTTGAGCTTGAACGCTTTCTTAATTGGTGGCTGCTTTTAGGCCTACTATGGG",56
"GGGCTGTTAATTGTCAGTTCAGTGTTTTAATCTGACGCAGGCTTATGCGGAGGAGAATGTTTTCATGTTACTTATACTAACATTAGTTCTTCTATAGGGT",54
"GTACTATATCTATTGCGCCAGGTTTCAATTTCTATCGCCTATACTTTATTTGGGTAAATGGTTTGGCTAAGGTTGTCTGGTAGTAAGGTGGAGTGGGTTT",51
"GTTAAATTTTTTACTCTCTCTACAAGGTTTTTTCCTAGTGTCCAAAGAGCTGTTCCTCTTTGGACTAACAGTTAAATTTACAAGGGGATTTAGAGGGTTC",51
"CAACCTTAGCCAAACCATTTACCCAAATAAAGTATAGGCGATAGAAATTGAAACCTGGCGCAATAGATATAGTACCGCAAGGGAAAGATGAAAAATTATA",47
"CGCAGGCTTATGCGGAGGAGAATGTTTTCATGTTACTTATACTAACATTAGTTCTTCTATAGGGTGATAGATTGGTCCAATTGGGTGTGAGGAGTTCAGT",47
"CTCTAAATCCCCTTGTAAATTTAACTGTTAGTCCAAAGAGGAACAGCTCTTTGGACACTAGGAAAAAACCTTGTAGAGAGAGTAAAAAATTTAACACCCA",47
"CTTTGTGTTTGATTGGGTGTGAGGAGTTCAGTTATATGTTTGGGATTTTTTAGGTAGTGGGTGTTGAGCTTGAACGCTTTCTTAATTGGTGGCTGCTTTT",46
"GTTCAACTTTAAATTTGCCCACAGAACCCTCTAAATCCCCTTGTAAATTTAACTGTTAGTCCAAAGAGGAACAGCTCTTTGGACACTAGGAAAAAACCTT",45
"CTAACAGTTAAATTTACAAGGGGATTTAGAGGGTTCTGTGGGCAAATTTAAAGTTGAACTAAGATTCTATCTTGGACAACCAGCTATCACCAGGCTCGGT",43
"GTTGAGCTTGAACGCTTTCTTAATTGGTGGCTGCTTTTAGGCCTACTATGGGTGTTAAATTTTTTACTCTCTCTACAAGGTTTTTTCCTAGTGTCCAAAG",43
"TGTGAGGAGTTCAGTTATATGTTTGGGATTTTTTAGGTAGTGGGTGTTGAGCTTGAACGCTTTCTTAATTGGTGGCTGCTTTTAGGCCTACTATGGGTGT",43
"TGTTAGTCCAAAGAGGAACAGCTCTTTGGACACTAGGAAAAAACCTTGTAGAGAGAGTAAAAAATTTAACACCCATAGTAGGCCTAAAAGCAGCCACCAA",43
"CCTTGCGGTACTATATCTATTGCGCCAGGTTTCAATTTCTATCGCCTATACTTTATTTGGGTAAATGGTTTGGCTAAGGTTGTCTGGTAGTAAGGTGGAG",42
"CTAAGATTCTAAATCCCCTTGTAAATTTAACTGTTAGTCCAAAGAGGAACAGCTCTTTGGACACTAGGAAAAAACCTTGTAGAGAGAGTAAAAAATTTAA",42
"CGGTACTATATCTATTGCGCCAGGTTTCAATTTCTATCGCCTATACTTTATTTGGGTAAATGGTTTGGCTAAGGTTGTCTGGTAGTAAGGTGGAGTGGGT",41
"GGGGGTCTTAGCTTTGGCTCTCCTTGCAAAGTTATTTCTAGTTAATTCATTATGCAGAAGGTATAGGGGTTAGTCCTTGCTATATTATGCTTGGTTATAA",41
"GTCCAAAGAGGAACAGCTCTTTGGACACTAGGAAAAAACCTTGTAGAGAGAGTAAAAAATTTAACACCCATAGTAGGCCTAAAAGCAGCCACCAATTAAG",41
"GTTCAGTTATATGTTTGGGATTTTTTAGGTAGTGGGTGTTGAGCTTGAACGCTTTCTTAATTGGTGGCTGCTTTTAGGCCTACTATGGGTGTTAAATTTT",41
"ACTTTAAATTTGCCCACAGAACCCTCTAAATCCCCTTGTAAATTTAACTGTTAGTCCAAAGAGGAACAGCTCTTTGGACACTAGGAAAAAACCTTGTAGA",40
"CAAACCATTTACCCAAATAAAGTATAGGCGATAGAAATTGAAACCTGGCGCAATAGATATAGTACCGCAAGGGAAAGATGAAAAATTATAACCAAGCATA",40
"GTGGCTGCTTTTAGGCCTACTATGGGTGTTAAATTTTTTACTCTCTCTACAAGGTTTTTTCCTAGTGTCCAAAGAGCTGTTCCTCTTTGGACTAACAGTT",40
"GTGTTTGATTGGGTGTGAGGAGTTCAGTTATATGTTTGGGATTTTTTAGGTAGTGGGTGTTGAGCTTGAACGCTTTCTTAATTGGTGGCTGCTTTTAGGC",40
"GTTATATGTTTGGGATTTTTTAGGTAGTGGGTGTTGAGCTTGAACGCTTTCTTAATTGGTGGCTGCTTTTAGGCCTACTATGGGTGTTAAATTTTTTACT",40
"ACCGCAAGGGAAAGATGAAAAATTATAACCAAGCATAATATAGCAAGGACTAACCCCTATACCTTCTGCATAATGAATTAACTAGAAATAACTTTGCAAG",38
"GGAACAGCTCTTTGGACACTAGGAAAAAACCTTGTAGAGAGAGTAAAAAATTTAACACCCATAGTAGGCCTAAAAGCAGCCACCAATTAAGAAAGCGTTC",38
"GTGCTAAACCTAGCCCCAAACCCACTCCACCTTACTACCAGACAACCTTAGCCAAACCATTTACCCAAATAAAGTATAGGCGATAGAAATTGAAACCTGG",38
"CAAACCCACTCCACCTTACTACCAGACAACCTTAGCCAAACCATTTACCCAAATAAAGTATAGGCGATAGAAATTGAAACCTGGCGCAATAGATATAGTA",37
"GCCCCAAACCCACTCCACCTTACTACCAGACAACCTTAGCCAAACCATTTACCCAAATAAAGTATAGGCGATAGAAATTGAAACCTGGCGCAATAGATAT",36
"TAGAATCTTAGTTCAACTTTAAATTTGCCCACAGAACCCTCTAAATCCCCTTGTAAATTTAACTGTTAGTCCAAAGAGGAACAGCTCTTTGGACACTAGG",36
"CAAATAAAGTATAGGCGATAGAAATTGAAACCTGGCGCAATAGATATAGTACCGCAAGGGAAAGATGAAAAATTATAACCAAGCATAATATAGCAAGGAC",35
"CTAACAGTTAAATTTACAAGGGGATTTAGAATCTTAGTTCAACTTTAAATTTGCCCACAGAACCCTCTAAATCCCCTTGTAAATTTAACTGTTAGTCCAA",35
"CTACCAGACAACCTTAGCCAAACCATTTACCCAAATAAAGTATAGGCGATAGAAATTGAAACCTGGCGCAATAGATATAGTACCGCAAGGGAAAGATGAA",35
"CTGACGCAGGCTTATGCGGAGGAGAATGTTTTCATGTTACTTATACTAACATTAGTTCTTCTATAGGGTGATAGATTGGTCCAATTGGGTGTGAGGAGTT",35
"GAGAGTAAAAAATTTAACACCCATAGTAGGCCTAAAAGCAGCCACCAATTAAGAAAGCGTTCAAGCTCAACACCCACTACCTAAAAAATCCCAAACATAT",35
"GCTAAACCTAGCCCCAAACCCACTCCACCTTACTACCAGACAACCTTAGCCAAACCATTTACCCAAATAAAGTATAGGCGATAGAAATTGAAACCTGGCG",35
"GGTAGTGGGTGTTGAGCTTGAACGCTTTCTTAATTGGTGGCTGCTTTTAGGCCTACTATGGGTGTTAAATTTTTTACTCTCTCTACAAGGTTTTTTCCTA",35
"CTTTAAATTTGCCCACAGAACCCTCTAAATCCCCTTGTAAATTTAACTGTTAGTCCAAAGAGGAACAGCTCTTTGGACACTAGGAAAAAACCTTGTAGAG",34
"GTACCGCAAGGGAAAGATGAAAAATTATAACCAAGCATAATATAGCAAGGACTAACCCCTATACCTTCTGCATAATGAATTAACTAGAAATAACTTTGCA",34
"GTTAAATTTACAAGGGGATTTAGAGGGTTCTGTGGGCAAATTTAAAGTTGAACTAAGATTCTATCTTGGACAACCAGCTATCACCAGGCTCGGTAGGTTT",34
"CACAGAACCCTCTAAATCCCCTTGTAAATTTAACTGTTAGTCCAAAGAGGAACAGCTCTTTGGACACTAGGAAAAAACCTTGTAGAGAGAGTAAAAAATT",33
"CCTTACTACCAGACAACCTTAGCCAAACCATTTACCCAAATAAAGTATAGGCGATAGAAATTGAAACCTGGCGCAATAGATATAGTACCGCAAGGGAAAG",33
"ATTGGTGGCTGCTTTTAGGCCTACTATGGGTGTTAAATTTTTTACTCTCTCTACAAGGTTTTTTCCTAGTGTCCAAAGAGCTGTTCCTCTTTGGACTAAC",32
"CATTTACCCAAATAAAGTATAGGCGATAGAAATTGAAACCTGGCGCAATAGATATAGTACCGCAAGGGAAAGATGAAAAATTATAACCAAGCATAATATA",32
"CCAAACCATTTACCCAAATAAAGTATAGGCGATAGAAATTGAAACCTGGCGCAATAGATATAGTACCGCAAGGGAAAGATGAAAAATTATAACCAAGCAT",32
"CCACTCCACCTTACTACCAGACAACCTTAGCCAAACCATTTACCCAAATAAAGTATAGGCGATAGAAATTGAAACCTGGCGCAATAGATATAGTACCGCA",32
"GGTGTGAGGAGTTCAGTTATATGTTTGGGATTTTTTAGGTAGTGGGTGTTGAGCTTGAACGCTTTCTTAATTGGTGGCTGCTTTTAGGCCTACTATGGGT",32
"TGCTAAACCTAGCCCCAAACCCACTCCACCTTACTACCAGACAACCTTAGCCAAACCATTTACCCAAATAAAGTATAGGCGATAGAAATTGAAACCTGGC",32
"AACCTAGCCCCAAACCCACTCCACCTTACTACCAGACAACCTTAGCCAAACCATTTACCCAAATAAAGTATAGGCGATAGAAATTGAAACCTGGCGCAAT",31
"CCTAGCCCCAAACCCACTCCACCTTACTACCAGACAACCTTAGCCAAACCATTTACCCAAATAAAGTATAGGCGATAGAAATTGAAACCTGGCGCAATAG",31
"CTATGGGTGTTAAATTTTTTACTCTCTCTACAAGGTTTTTTCCTAGTGTCCAAAGAGCTGTTCCTCTTTGGACTAACAGTTAAATTTACAAGGGGATTTA",31
"GATAGAAATTGAAACCTGGCGCAATAGATATAGTACCGCAAGGGAAAGATGAAAAATTATAACCAAGCATAATATAGCAAGGACTAACCCCTATACCTTC",31
"TGAACTCCTCACACCCAATTGGACCAATCTATCACCCTATAGAAGAACTAATGTTAGTATAAGTAACATGAAAACATTCTCCTCCGCATAAGCCTGCGTC",31
"TGGGCTGTTAATTGTCAGTTCAGTGTTTTAATCTGACGCAGGCTTATGCGGAGGAGAATGTTTTCATGTTACTTATACTAACATTAGTTCTTCTATAGGG",31
"TGTTTGAGGGGGTCTTAGCTTTGGCTCTCCTTGCAAAGTTATTTCTAGTTAATTCATTATGCAGAAGGTATAGGGGTTAGTCCTTGCTATATTATGCTTG",31
"TTGGGTGTGAGGAGTTCAGTTATATGTTTGGGATTTTTTAGGTAGTGGGTGTTGAGCTTGAACGCTTTCTTAATTGGTGGCTGCTTTTAGGCCTACTATG",31
"AAACCTAGCCCCAAACCCACTCCACCTTACTACCAGACAACCTTAGCCAAACCATTTACCCAAATAAAGTATAGGCGATAGAAATTGAAACCTGGCGCAA",30
"CCTTAGCCAAACCATTTACCCAAATAAAGTATAGGCGATAGAAATTGAAACCTGGCGCAATAGATATAGTACCGCAAGGGAAAGATGAAAAATTATAACC",30
"CGATAGAAATTGAAACCTGGCGCAATAGATATAGTACCGCAAGGGAAAGATGAAAAATTATAACCAAGCATAATATAGCAAGGACTAACCCCTATACCTT",30
"CTAACAGTTAAATTTACAAGGGGATTTAGAGGGTTCTGTGGGCAAATTTAAAGTTGAACTAAGATTCTAAATCCCCTTGTAAATTTAACTGTTAGTCCAA",30
"CTTAGCCAAACCATTTACCCAAATAAAGTATAGGCGATAGAAATTGAAACCTGGCGCAATAGATATAGTACCGCAAGGGAAAGATGAAAAATTATAACCA",30
"CTTTCTTAATTGGTGGCTGCTTTTAGGCCTACTATGGGTGTTAAATTTTTTACTCTCTCTACAAGGTTTTTTCCTAGTGTCCAAAGAGCTGTTCCTCTTT",30
"GAGTTCAGTTATATGTTTGGGATTTTTTAGGTAGTGGGTGTTGAGCTTGAACGCTTTCTTAATTGGTGGCTGCTTTTAGGCCTACTATGGGTGTTAAATT",30
"GGAGTTCAGTTATATGTTTGGGATTTTTTAGGTAGTGGGTGTTGAGCTTGAACGCTTTCTTAATTGGTGGCTGCTTTTAGGCCTACTATGGGTGTTAAAT",30
"GGCGATAGAAATTGAAACCTGGCGCAATAGATATAGTACCGCAAGGGAAAGATGAAAAATTATAACCAAGCATAATATAGCAAGGACTAACCCCTATACC",30
"ACGCAGGCTTATGCGGAGGAGAATGTTTTCATGTTACTTATACTAACATTAGTTCTTCTATAGGGTGATAGATTGGTCCAATTGGGTGTGAGGAGTTCAG",29
"AGGGCTGTTAATTGTCAGTTCAGTGTTTTAATCTGACGCAGGCTTATGCGGAGGAGAATGTTTTCATGTTACTTATACTAACATTAGTTCTTCTATAGGG",29
"CCCAAACCCACTCCACCTTACTACCAGACAACCTTAGCCAAACCATTTACCCAAATAAAGTATAGGCGATAGAAATTGAAACCTGGCGCAATAGATATAG",29
"CTGGCGCAATAGATATAGTACCGCAAGGGAAAGATGAAAAATTATAACCAAGCATAATATAGCAAGGACTAACCCCTATACCTTCTGCATAATGAATTAA",29
"GAGGGTTCTGTGGGCAAATTTAAAGTTGAACTAAGATTCTAAATCCCCTTGTAAATTTAACTGTTAGTCCAAAGAGGAACAGCTCTTTGGACACTAGGAA",29
"GGCTGTTAATTGTCAGTTCAGTGTTTTAATCTGACGCAGGCTTATGCGGAGGAGAATGTTTTCATGTTACTTATACTAACATTAGTTCTTCTATAGGGTG",29
"ATCTTAGTTCAACTTTAAATTTGCCCACAGAACCCTCTAAATCCCCTTGTAAATTTAACTGTTAGTCCAAAGAGGAACAGCTCTTTGGACACTAGGAAAA",28
"CAGACAACCTTAGCCAAACCATTTACCCAAATAAAGTATAGGCGATAGAAATTGAAACCTGGCGCAATAGATATAGTACCGCAAGGGAAAGATGAAAAAT",28
"CCAATCTATCACCCTATAGAAGAACTAATGTTAGTATAAGTAACATGAAAACATTCTCCTCCGCATAAGCCTGCGTCAGATTAAAACACTGAACTGACAA",28
"CTCACACCCAATTGGACCAATCTATCACCCTATAGAAGAACTAATGTTAGTATAAGTAACATGAAAACATTCTCCTCCGCATAAGCCTGCGTCAGATTAA",28
"GCTGTTAATTGTCAGTTCAGTGTTTTAATCTGACGCAGGCTTATGCGGAGGAGAATGTTTTCATGTTACTTATACTAACATTAGTTCTTCTATAGGGTGA",28
"GTTCTGTGGGCAAATTTAAAGTTGAACTAAGATTCTAAATCCCCTTGTAAATTTAACTGTTAGTCCAAAGAGGAACAGCTCTTTGGACACTAGGAAAAAA",28
"CCAATTGGGTGTGAGGAGTTCAGTTATATGTTTGGGATTTTTTAGGTAGTGGGTGTTGAGCTTGAACGCTTTCTTAATTGGTGGCTGCTTTTAGGCCTAC",27
"CCTTGTAAATTTAACTGTTAGTCCAAAGAGGAACAGCTCTTTGGACACTAGGAAAAAACCTTGTAGAGAGAGTAAAAAATTTAACACCCATAGTAGGCCT",27
"CTAGTGTCCAAAGAGCTGTTCCTCTTTGGACTAACAGTTAAATTTACAAGGGGATTTAGAGGGTTCTGTGGGCAAATTTAAAGTTGAACTAAGATTCTAT",27
"CTCCACCTTACTACCAGACAACCTTAGCCAAACCATTTACCCAAATAAAGTATAGGCGATAGAAATTGAAACCTGGCGCAATAGATATAGTACCGCAAGG",27
"CTGTTAATTGTCAGTTCAGTGTTTTAATCTGACGCAGGCTTATGCGGAGGAGAATGTTTTCATGTTACTTATACTAACATTAGTTCTTCTATAGGGTGAT",27
"CTTGCGGTACTATATCTATTGCGCCAGGTTTCAATTTCTATCGCCTATACTTTATTTGGGTAAATGGTTTGGCTAAGGTTGTCTGGTAGTAAGGTGGAGT",27
"CTTTGTGTTTGAGAGAGTAAAAAATTTAACACCCATAGTAGGCCTAAAAGCAGCCACCAATTAAGAAAGCGTTCAAGCTCAACACCCACTACCTAAAAAA",27
"GGCCTACTATGGGTGTTAAATTTTTTACTCTCTCTACAAGGTTTTTTCCTAGTGTCCAAAGAGCTGTTCCTCTTTGGACTAACAGTTAAATTTACAAGGG",27
"TAGCCAAACCATTTACCCAAATAAAGTATAGGCGATAGAAATTGAAACCTGGCGCAATAGATATAGTACCGCAAGGGAAAGATGAAAAATTATAACCAAG",27
"AAACCATTTACCCAAATAAAGTATAGGCGATAGAAATTGAAACCTGGCGCAATAGATATAGTACCGCAAGGGAAAGATGAAAAATTATAACCAAGCATAA",26
"AGGAGTTCAGTTATATGTTTGGGATTTTTTAGGTAGTGGGTGTTGAGCTTGAACGCTTTCTTAATTGGTGGCTGCTTTTAGGCCTACTATGGGTGTTAAA",26
"ATTGGGTGTGAGGAGTTCAGTTATATGTTTGGGATTTTTTAGGTAGTGGGTGTTGAGCTTGAACGCTTTCTTAATTGGTGGCTGCTTTTAGGCCTACTAT",26
"CCATTTACCCAAATAAAGTATAGGCGATAGAAATTGAAACCTGGCGCAATAGATATAGTACCGCAAGGGAAAGATGAAAAATTATAACCAAGCATAATAT",26
"CTAAGGTTGTCTGGTAGTAAGGTGGAGTGGGTTTGGGGCTAGGTTTAGCCAAACCATTTACCCAAATAAAGTATAGGCGATAGAAATTGAAACCTGGCGC",26
"CTCTCTCTACAAGGTTTTTTCCTAGTGTCCAAAGAGCTGTTCCTCTTTGGACTAACAGTTAAATTTACAAGGGGATTTAGAGGGTTCTGTGGGCAAATTT",26
"GCTTTTAGGCCTACTATGGGTGTTAAATTTTTTACTCTCTCTACAAGGTTTTTTCCTAGTGTCCAAAGAGCTGTTCCTCTTTGGACTAACAGTTAAATTT",26
"GGTACTATATCTATTGCGCCAGGTTTCAATTTCTATCGCCTATACTTTATTTGGGTAAATGGTTTGGCTAAGGTTGTCTGGTAGTAAGGTGGAGTGGGTT",26
